{
  "layer_0": 0.9202075702075702,
  "layer_1": 0.9221916971916974,
  "layer_2": 0.8341625966625966,
  "layer_3": 0.8558811558811559,
  "layer_4": 0.9033170533170534,
  "layer_5": 0.8847985347985348,
  "layer_6": 0.9446275946275947,
  "layer_7": 0.9575498575498576,
  "layer_8": 0.9575498575498576,
  "layer_9": 0.9376831501831503,
  "layer_10": 0.9222985347985347,
  "layer_11": 0.9451973951973951
}