{
  "real_probe": {
    "layer_0": 0.7,
    "layer_1": 0.8,
    "layer_2": 0.9333333333333333,
    "layer_3": 0.8333333333333334,
    "layer_4": 0.9333333333333333,
    "layer_5": 0.9666666666666667,
    "layer_6": 0.9666666666666667,
    "layer_7": 0.9333333333333333,
    "layer_8": 0.9666666666666667,
    "layer_9": 0.9666666666666667,
    "layer_10": 0.9333333333333333,
    "layer_11": 0.9333333333333333
  },
  "control_shuffled": {
    "layer_0": 0.4666666666666667,
    "layer_1": 0.8,
    "layer_2": 0.43333333333333335,
    "layer_3": 0.5,
    "layer_4": 0.43333333333333335,
    "layer_5": 0.4,
    "layer_6": 0.4666666666666667,
    "layer_7": 0.5,
    "layer_8": 0.4,
    "layer_9": 0.4666666666666667,
    "layer_10": 0.6333333333333333,
    "layer_11": 0.5
  }
}