{
  "layer_0": 0.9666666666666667,
  "layer_1": 0.9,
  "layer_2": 0.8666666666666667,
  "layer_3": 0.8666666666666667,
  "layer_4": 0.9333333333333333,
  "layer_5": 0.9333333333333333,
  "layer_6": 0.9,
  "layer_7": 0.9,
  "layer_8": 0.9333333333333333,
  "layer_9": 0.9666666666666667,
  "layer_10": 0.9333333333333333,
  "layer_11": 0.9333333333333333
}