{
  "layer_0": 84.0,
  "layer_1": 62.0,
  "layer_2": 62.0,
  "layer_3": 74.0,
  "layer_4": 62.0,
  "layer_5": 56.00000000000001,
  "layer_6": 57.99999999999999,
  "layer_7": 48.0,
  "layer_8": 52.0,
  "layer_9": 48.0,
  "layer_10": 50.0,
  "layer_11": 54.0
}