{
  "n_seeds": 10,
  "seeds_used": [
    42,
    43,
    44,
    45,
    46,
    47,
    48,
    49,
    50,
    51
  ],
  "real_probe": {
    "layer_0": {
      "mean": 0.8333333333333334,
      "std": 0.07745966692414837,
      "min": 0.7,
      "max": 0.9333333333333333,
      "all_accs": [
        0.9333333333333333,
        0.7,
        0.8666666666666667,
        0.7,
        0.8666666666666667,
        0.8,
        0.9333333333333333,
        0.8333333333333334,
        0.8333333333333334,
        0.8666666666666667
      ]
    },
    "layer_1": {
      "mean": 0.8233333333333335,
      "std": 0.0597215762238964,
      "min": 0.7,
      "max": 0.9,
      "all_accs": [
        0.9,
        0.8,
        0.8666666666666667,
        0.7,
        0.8333333333333334,
        0.7666666666666667,
        0.8,
        0.8,
        0.8666666666666667,
        0.9
      ]
    },
    "layer_2": {
      "mean": 0.8533333333333333,
      "std": 0.05617433182117573,
      "min": 0.7333333333333333,
      "max": 0.9333333333333333,
      "all_accs": [
        0.9,
        0.9,
        0.8,
        0.8333333333333334,
        0.9333333333333333,
        0.8333333333333334,
        0.8666666666666667,
        0.8333333333333334,
        0.7333333333333333,
        0.9
      ]
    },
    "layer_3": {
      "mean": 0.8566666666666667,
      "std": 0.0517472489875334,
      "min": 0.7666666666666667,
      "max": 0.9666666666666667,
      "all_accs": [
        0.9,
        0.9666666666666667,
        0.8333333333333334,
        0.8333333333333334,
        0.9,
        0.8333333333333334,
        0.8333333333333334,
        0.8333333333333334,
        0.7666666666666667,
        0.8666666666666667
      ]
    },
    "layer_4": {
      "mean": 0.8666666666666668,
      "std": 0.05163977794943222,
      "min": 0.8,
      "max": 0.9333333333333333,
      "all_accs": [
        0.9333333333333333,
        0.9,
        0.8,
        0.8,
        0.9333333333333333,
        0.8,
        0.9,
        0.8333333333333334,
        0.8666666666666667,
        0.9
      ]
    },
    "layer_5": {
      "mean": 0.8800000000000001,
      "std": 0.04760952285695232,
      "min": 0.8,
      "max": 0.9333333333333333,
      "all_accs": [
        0.9,
        0.9333333333333333,
        0.8,
        0.8333333333333334,
        0.9333333333333333,
        0.8333333333333334,
        0.9,
        0.8333333333333334,
        0.9,
        0.9333333333333333
      ]
    },
    "layer_6": {
      "mean": 0.9033333333333333,
      "std": 0.04068851871911233,
      "min": 0.8333333333333334,
      "max": 0.9666666666666667,
      "all_accs": [
        0.9333333333333333,
        0.9666666666666667,
        0.8333333333333334,
        0.8666666666666667,
        0.9666666666666667,
        0.9,
        0.9,
        0.8666666666666667,
        0.9,
        0.9
      ]
    },
    "layer_7": {
      "mean": 0.9066666666666666,
      "std": 0.044221663871405324,
      "min": 0.8333333333333334,
      "max": 0.9666666666666667,
      "all_accs": [
        0.9,
        0.9666666666666667,
        0.8333333333333334,
        0.8333333333333334,
        0.9666666666666667,
        0.9,
        0.9333333333333333,
        0.9,
        0.9,
        0.9333333333333333
      ]
    },
    "layer_8": {
      "mean": 0.9166666666666667,
      "std": 0.026874192494328493,
      "min": 0.8666666666666667,
      "max": 0.9666666666666667,
      "all_accs": [
        0.9333333333333333,
        0.9666666666666667,
        0.9,
        0.9,
        0.9333333333333333,
        0.8666666666666667,
        0.9333333333333333,
        0.9,
        0.9,
        0.9333333333333333
      ]
    },
    "layer_9": {
      "mean": 0.9166666666666667,
      "std": 0.030731814857642953,
      "min": 0.8666666666666667,
      "max": 0.9666666666666667,
      "all_accs": [
        0.9333333333333333,
        0.9333333333333333,
        0.8666666666666667,
        0.9,
        0.9333333333333333,
        0.8666666666666667,
        0.9333333333333333,
        0.9,
        0.9333333333333333,
        0.9666666666666667
      ]
    },
    "layer_10": {
      "mean": 0.9166666666666667,
      "std": 0.030731814857642953,
      "min": 0.8666666666666667,
      "max": 0.9666666666666667,
      "all_accs": [
        0.9,
        0.9333333333333333,
        0.8666666666666667,
        0.8666666666666667,
        0.9666666666666667,
        0.9333333333333333,
        0.9333333333333333,
        0.9,
        0.9333333333333333,
        0.9333333333333333
      ]
    },
    "layer_11": {
      "mean": 0.9066666666666668,
      "std": 0.04898979485566354,
      "min": 0.8333333333333334,
      "max": 0.9666666666666667,
      "all_accs": [
        0.9,
        0.9666666666666667,
        0.9,
        0.8333333333333334,
        0.9333333333333333,
        0.9,
        0.8666666666666667,
        0.9666666666666667,
        0.8333333333333334,
        0.9666666666666667
      ]
    }
  },
  "control_shuffled": {
    "layer_0": {
      "mean": 0.4766666666666667,
      "std": 0.09893881386437219,
      "min": 0.3,
      "max": 0.7,
      "all_accs": [
        0.4666666666666667,
        0.43333333333333335,
        0.7,
        0.3,
        0.5333333333333333,
        0.43333333333333335,
        0.5,
        0.4666666666666667,
        0.4,
        0.5333333333333333
      ]
    },
    "layer_1": {
      "mean": 0.4833333333333333,
      "std": 0.07187952884282607,
      "min": 0.3333333333333333,
      "max": 0.6,
      "all_accs": [
        0.43333333333333335,
        0.5333333333333333,
        0.5666666666666667,
        0.3333333333333333,
        0.4666666666666667,
        0.6,
        0.5,
        0.4666666666666667,
        0.43333333333333335,
        0.5
      ]
    },
    "layer_2": {
      "mean": 0.5,
      "std": 0.06497862896539308,
      "min": 0.4,
      "max": 0.6,
      "all_accs": [
        0.5333333333333333,
        0.5,
        0.6,
        0.4,
        0.4666666666666667,
        0.6,
        0.5,
        0.43333333333333335,
        0.5333333333333333,
        0.43333333333333335
      ]
    },
    "layer_3": {
      "mean": 0.4999999999999999,
      "std": 0.06831300510639732,
      "min": 0.36666666666666664,
      "max": 0.6333333333333333,
      "all_accs": [
        0.5,
        0.5333333333333333,
        0.5333333333333333,
        0.4666666666666667,
        0.4666666666666667,
        0.6333333333333333,
        0.5333333333333333,
        0.43333333333333335,
        0.5333333333333333,
        0.36666666666666664
      ]
    },
    "layer_4": {
      "mean": 0.4766666666666667,
      "std": 0.06506407098647711,
      "min": 0.36666666666666664,
      "max": 0.6,
      "all_accs": [
        0.5333333333333333,
        0.4666666666666667,
        0.5,
        0.4666666666666667,
        0.4666666666666667,
        0.6,
        0.5333333333333333,
        0.4,
        0.36666666666666664,
        0.43333333333333335
      ]
    },
    "layer_5": {
      "mean": 0.47333333333333333,
      "std": 0.055377492419453826,
      "min": 0.36666666666666664,
      "max": 0.5666666666666667,
      "all_accs": [
        0.4666666666666667,
        0.5,
        0.5333333333333333,
        0.4666666666666667,
        0.5,
        0.4666666666666667,
        0.5666666666666667,
        0.36666666666666664,
        0.4666666666666667,
        0.4
      ]
    },
    "layer_6": {
      "mean": 0.4866666666666667,
      "std": 0.03999999999999999,
      "min": 0.43333333333333335,
      "max": 0.5666666666666667,
      "all_accs": [
        0.43333333333333335,
        0.43333333333333335,
        0.5,
        0.4666666666666667,
        0.4666666666666667,
        0.5333333333333333,
        0.5,
        0.4666666666666667,
        0.5666666666666667,
        0.5
      ]
    },
    "layer_7": {
      "mean": 0.5,
      "std": 0.05773502691896256,
      "min": 0.4,
      "max": 0.6,