{
  "layer_0": 0.7,
  "layer_1": 0.8,
  "layer_2": 0.8,
  "layer_3": 0.8333333333333334,
  "layer_4": 0.7666666666666667,
  "layer_5": 0.8666666666666667,
  "layer_6": 0.9,
  "layer_7": 0.9333333333333333,
  "layer_8": 0.9,
  "layer_9": 0.9,
  "layer_10": 0.8666666666666667,
  "layer_11": 0.9,
  "layer_12": 0.9,
  "layer_13": 0.9,
  "layer_14": 0.9,
  "layer_15": 0.8666666666666667,
  "layer_16": 0.9,
  "layer_17": 0.9,
  "layer_18": 0.9,
  "layer_19": 0.9,
  "layer_20": 0.9333333333333333,
  "layer_21": 0.8666666666666667
}