{
  "layer_0": {
    "mean": 0.5086666666666667,
    "std": 0.0398943048010058,
    "n_bootstrap": 50
  },
  "layer_1": {
    "mean": 0.512,
    "std": 0.049333333333333326,
    "n_bootstrap": 50
  },
  "layer_2": {
    "mean": 0.5266666666666666,
    "std": 0.06733003292241385,
    "n_bootstrap": 50
  },
  "layer_3": {
    "mean": 0.6593333333333333,
    "std": 0.12966452440389734,
    "n_bootstrap": 50
  },
  "layer_4": {
    "mean": 0.7680000000000001,
    "std": 0.06631909394904476,
    "n_bootstrap": 50
  },
  "layer_5": {
    "mean": 0.8373333333333334,
    "std": 0.04454211490264017,
    "n_bootstrap": 50
  },
  "layer_6": {
    "mean": 0.8706666666666666,
    "std": 0.03923717058549909,
    "n_bootstrap": 50
  },
  "layer_7": {
    "mean": 0.88,
    "std": 0.029814239699997188,
    "n_bootstrap": 50
  },
  "layer_8": {
    "mean": 0.8813333333333334,
    "std": 0.026799668322989037,
    "n_bootstrap": 50
  },
  "layer_9": {
    "mean": 0.866,
    "std": 0.036203130619694567,
    "n_bootstrap": 50
  },
  "layer_10": {
    "mean": 0.8646666666666667,
    "std": 0.03225592107574118,
    "n_bootstrap": 50
  },
  "layer_11": {
    "mean": 0.8773333333333335,
    "std": 0.02154065922853801,
    "n_bootstrap": 50
  },
  "layer_12": {
    "mean": 0.8833333333333334,
    "std": 0.02027587510099406,
    "n_bootstrap": 50
  },
  "layer_13": {
    "mean": 0.8926666666666666,
    "std": 0.01919490673185062,
    "n_bootstrap": 50
  },
  "layer_14": {
    "mean": 0.9039999999999999,
    "std": 0.02550816862627865,
    "n_bootstrap": 50
  },
  "layer_15": {
    "mean": 0.8933333333333334,
    "std": 0.031972210155418124,
    "n_bootstrap": 50
  },
  "layer_16": {
    "mean": 0.8913333333333334,
    "std": 0.0325303277300156,
    "n_bootstrap": 50
  },
  "layer_17": {
    "mean": 0.8966666666666668,
    "std": 0.03901566636906541,
    "n_bootstrap": 50
  },
  "layer_18": {
    "mean": 0.8826666666666667,
    "std": 0.03957552554574888,
    "n_bootstrap": 50
  },
  "layer_19": {
    "mean": 0.8813333333333334,
    "std": 0.03661208058065594,
    "n_bootstrap": 50
  },
  "layer_20": {
    "mean": 0.8793333333333332,
    "std": 0.039938842135333746,
    "n_bootstrap": 50
  },
  "layer_21": {
    "mean": 0.868,
    "std": 0.03525147751040608,
    "n_bootstrap": 50
  }
}