{
  "layer_0": {
    "mean": 0.7,
    "std": 0.0
  },
  "layer_1": {
    "mean": 0.8,
    "std": 0.0
  },
  "layer_2": {
    "mean": 0.8,
    "std": 0.0
  },
  "layer_3": {
    "mean": 0.8333333333333334,
    "std": 0.0
  },
  "layer_4": {
    "mean": 0.7666666666666667,
    "std": 0.0
  },
  "layer_5": {
    "mean": 0.8666666666666668,
    "std": 1.1102230246251565e-16
  },
  "layer_6": {
    "mean": 0.9,
    "std": 0.0
  },
  "layer_7": {
    "mean": 0.9333333333333333,
    "std": 0.0
  },
  "layer_8": {
    "mean": 0.9,
    "std": 0.0
  },
  "layer_9": {
    "mean": 0.9,
    "std": 0.0
  },
  "layer_10": {
    "mean": 0.8666666666666668,
    "std": 1.1102230246251565e-16
  },
  "layer_11": {
    "mean": 0.9,
    "std": 0.0
  },
  "layer_12": {
    "mean": 0.9,
    "std": 0.0
  },
  "layer_13": {
    "mean": 0.9,
    "std": 0.0
  },
  "layer_14": {
    "mean": 0.9,
    "std": 0.0
  },
  "layer_15": {
    "mean": 0.8666666666666668,
    "std": 1.1102230246251565e-16
  },
  "layer_16": {
    "mean": 0.9,
    "std": 0.0
  },
  "layer_17": {
    "mean": 0.9,
    "std": 0.0
  },
  "layer_18": {
    "mean": 0.9,
    "std": 0.0
  },
  "layer_19": {
    "mean": 0.9,
    "std": 0.0
  },
  "layer_20": {
    "mean": 0.9333333333333333,
    "std": 0.0
  },
  "layer_21": {
    "mean": 0.8666666666666668,
    "std": 1.1102230246251565e-16
  }
}